id,title,publisher,url,displayed_date,accessed_on,status,note
S01,Chi tiết 34 đơn vị hành chính cấp tỉnh,Báo Điện tử Chính phủ,https://xaydungchinhsach.chinhphu.vn/chi-tiet-34-don-vi-hanh-chinh-cap-tinh-tu-12-6-2025-119250612141845533.htm,2026-10-05,2026-10-06,source_checked,Bài dẫn Nghị quyết 202/2025/QH15. Số liệu diện tích và dân số là số liệu phục vụ sắp xếp năm 2025.
S02,Nghị quyết 1674/NQ-UBTVQH15 về sắp xếp đơn vị hành chính cấp xã Ninh Bình,Báo Điện tử Chính phủ,https://xaydungchinhsach.chinhphu.vn/toan-van-nghi-quyet-so-1674-nq-ubtvqh15-sap-xep-cac-dvhc-cap-xa-cua-tinh-ninh-binh-nam-2025-119250616203223135.htm,2025-06-20,2026-10-06,source_checked,"Nghị quyết thông qua ngày 16/6/2025; dùng làm căn cứ tên xã, phường theo đợt sắp xếp này."
S03,Ninh Bình,Vietnam Tourism – Cục Du lịch Quốc gia Việt Nam,https://vietnam.travel/vi/places-to-go/northern-vietnam/ninh-binh,,2026-10-06,source_checked,"Trang ghi bản dịch được AI tạo. Chỉ lấy nội dung tổng quát; không dùng các kỷ lục, mùa vụ hay lịch vận chuyển như thông tin hiện hành chưa đối chiếu."
S04,Quần thể Danh thắng Tràng An – Bảo tàng địa chất ngoài trời,Trung tâm Thông tin Xúc tiến Du lịch – Sở Du lịch Ninh Bình,https://dulichninhbinh.com.vn/item/3021,2025-03-27,2026-10-06,source_checked,Ngày trang hiển thị không bảo đảm mọi chi tiết nội dung vẫn nguyên bản tại ngày đó. Không lấy diện tích tổng quần thể làm diện tích vùng lõi UNESCO.
S05,Cố đô Hoa Lư,Trung tâm Thông tin Xúc tiến Du lịch – Sở Du lịch Ninh Bình,https://dulichninhbinh.com.vn/item/3020,2025-03-27,2026-10-06,source_checked,Bài trộn địa chỉ mới trong phần đầu và địa chỉ cũ ở cuối. Giá vé cần xác nhận lại.
S06,Khám phá vẻ đẹp non nước hữu tình tại Khu du lịch Tam Cốc – Bích Động,Trung tâm Thông tin Xúc tiến Du lịch – Sở Du lịch Ninh Bình,https://dulichninhbinh.com.vn/item/3116,2025-06-26,2026-10-06,source_checked,Thời lượng thuyền và mùa lúa là mô tả tham khảo; điều kiện thực tế có thể thay đổi.
S07,Vườn quốc gia Cúc Phương,Trung tâm Thông tin Xúc tiến Du lịch – Sở Du lịch Ninh Bình,https://dulichninhbinh.com.vn/item/3018,2025-03-27,2026-10-06,source_checked,"Nội dung hiện đọc nêu Ninh Bình, Phú Thọ, Thanh Hóa; địa chỉ cuối bài khác website vườn. Không tự suy ra cổng vào từ địa chỉ này."
S08,Chùa Bái Đính,Trung tâm Thông tin Xúc tiến Du lịch – Sở Du lịch Ninh Bình,https://dulichninhbinh.com.vn/item/3015,2025-03-26,2026-10-06,source_checked,Không đưa các tuyên bố kỷ lục vào dữ liệu đã duyệt khi chưa đọc xác nhận riêng.
S09,Nhà thờ đá Phát Diệm,Trung tâm Thông tin Xúc tiến Du lịch – Sở Du lịch Ninh Bình,https://dulichninhbinh.com.vn/item/3014,2025-03-26,2026-10-06,source_checked,Dùng mô tả kiến trúc và khoảng thời gian xây dựng theo bài; xã Phát Diệm đối chiếu S02.
S10,Hang Múa – kỳ quan thiên nhiên hùng vĩ của Ninh Bình,Trung tâm Thông tin Xúc tiến Du lịch – Sở Du lịch Ninh Bình,https://dulichninhbinh.com.vn/item/3007,2025-03-24,2026-10-06,source_checked,Nguồn ghi phường Hoa Lư; chưa xác nhận lại địa chỉ. Câu chuyện nguồn gốc tên gọi được ghi là câu chuyện dân gian.
S11,Lễ hội Hoa Lư – Nơi lưu giữ nét đẹp truyền thống nghìn năm,Trung tâm Thông tin Xúc tiến Du lịch – Sở Du lịch Ninh Bình,https://dulichninhbinh.com.vn/item/3359,2025-09-24,2026-10-06,source_checked,Lịch thường niên không thay thế thông báo tổ chức của từng năm.
S12,Làng nghề thêu ren Văn Lâm tinh hoa thủ công Ninh Bình,Trung tâm Thông tin Xúc tiến Du lịch – Sở Du lịch Ninh Bình,https://dulichninhbinh.com.vn/item/3684,2026-08-21,2026-10-06,source_checked,Giới thiệu nghề; chưa xác nhận cơ sở nào có tour trải nghiệm đang mở.
S13,Nghề cói Kim Sơn: Làng nghề truyền thống bên bãi bồi ven biển,Trung tâm Thông tin Xúc tiến Du lịch – Sở Du lịch Ninh Bình,https://dulichninhbinh.com.vn/item/3663,2026-07-28,2026-10-06,source_checked,"Kim Sơn ở đây là vùng văn hóa/nghề, không gán mọi cơ sở nghề vào xã Kim Sơn hiện hành."
S14,"Mắm tép Gia Viễn, đậm đà hương vị quê hương",Trung tâm Thông tin Xúc tiến Du lịch – Sở Du lịch Ninh Bình,https://dulichninhbinh.com.vn/item/3719,2026-09-14,2026-10-06,source_checked,"Thông tin văn hóa ẩm thực, không phải hướng dẫn bảo đảm an toàn thực phẩm."
S15,Nem chua Yên Mạc – Tinh hoa ẩm thực truyền thống của Ninh Bình,Trung tâm Thông tin Xúc tiến Du lịch – Sở Du lịch Ninh Bình,https://dulichninhbinh.com.vn/item/3718,2026-09-14,2026-10-06,source_checked,Bài cũng nhắc cơm cháy và thịt dê là đặc sản Ninh Bình; chưa xác minh giá hoặc cửa hàng.
S16,Website Vườn quốc gia Cúc Phương,Vườn quốc gia Cúc Phương,https://vuonquocgiacucphuong.vn/vi/,,2026-10-06,source_checked,"Đã đọc trang chủ. Có thông báo quy định phương tiện vào vùng lõi áp dụng từ 1/9/2026; chưa đọc đầy đủ quy định, không tự diễn giải điều kiện."
S17,Trang An Landscape Complex,UNESCO World Heritage Centre,https://whc.unesco.org/en/list/1438/,,2026-10-06,not_checked,Bị chặn ở bước kiểm tra bảo mật khi truy cập. Giữ làm nguồn ưu tiên bổ sung; không dùng như đã đọc trực tiếp trong lần này.
S18,Bản đồ hành chính Việt Nam,Hạ tầng dữ liệu không gian địa lý quốc gia,https://vnsdi.mae.gov.vn/bandohanhchinh/,,,not_checked,Nguồn do đề thi cung cấp; chưa kiểm tra dữ liệu hoặc quyền tái sử dụng trong lần này.
